epoch,train_loss,train_ppl,valid_loss,valid_ppl
1,5.517776874426332,249.08068358158985,5.66784233048408,289.40941036636434
2,4.653133058641445,104.91317031249595,5.59510354352291,269.1055127825691
