{
    "bleu": 3.083799576467797e-79,
    "rouge": {
        "rouge-1": {
            "r": 0.15793429219844696,
            "p": 0.30731313333209614,
            "f": 0.18956024184876216
        },
        "rouge-2": {
            "r": 0.016029330234711613,
            "p": 0.043657509157509156,
            "f": 0.022205057629467864
        },
        "rouge-l": {
            "r": 0.1466546846431912,
            "p": 0.27825757777654053,
            "f": 0.1742928984442794
        }
    }
}